Academische vrijheid;;
Bestuur;;
Bestuurshervorming;;
Bildung;;
Blended onderwijs/blended;;
Boundary crossing;;
Bureaucratie;;
Challenge-based education/challenge-based;;
Community engaged learning;;
Constructive alignment;;
COVID;;
Curriculum;;
De Utrechtse School;;
Democratie;Deliberatieve -;Directe -
Digitalisering;;
Diversiteit;;
EDI (Equality, Diversity en Inclusion)/equality;;
Eigenaarschap;;
Erkennen en waarderen;;
Ervaringsleren;;
Experiential learning;;
FAIR Open Data and Software;;
Feedback, feed-up, feedforward/feedback;;
Financiering;;
Global south;;
Gemeenschap;;
HRM (human resource management);;
Humboldt;;
Inclusiviteit;;
Interdisciplinair;;
International classroom;;
Internationalisering;;
Kwalificatie, Socialisatie en Subjectificatie;;
Learning Analytics;;
Legitimatie;;
Lerende organisatie;;
levenslang leren;;
Mentaal welzijn;;
Mentoring;;
Metrics;;
Multi-, inter- en transdisciplinair (MITHO);;
Nederlandse organisatie voor Wetenschappelijk onderzoek (NWO);;
Neoliberaal/neoliberale;;
New Public management;;
Nieuwe Utrechtse School;;
Ondersteunend en Bedrijfsvoerend personeel (OPB);;
Open access;;
Open Data;;
Open Education;;
Open Onderwijs;;
Open Science;;
Overheidsfinanciering;;
Persoonsontwikkeling;;
Professionele autonomie ;;
Public engagement;;
Science and Society;;
Science with and for society;;
Scholarship;;
SDG's (Sustainable development goals);;
Strategic Evaluation Protocol (SEP);;
Toetsing;Formatief -/formatief;Summatief -/summatief
Transdisciplinair;;
Transformatief;;
TRIPLE;;
UNESCO;;
Wetenschappelijk personeel (WP);;
Medezeggenschap;;
Zelfmanagement;;